Chromsome,Position,rsID,Reference,Alternate,Consequence,Protein Consequence,Transcript Consequence
6,162683592,rs771529549,TCAGTGTGCAGAATGACAGCCAGCCCCACAGAGTCTCCTGG,T,p.Pro113ThrfsTer51,p.Pro113ThrfsTer51,
6,162864357,rs1292308780,AT,A,p.Asn52MetfsTer29,p.Asn52MetfsTer29,
6,162864410,rs55777503,CCT,C,p.Gln34ArgfsTer5,p.Gln34ArgfsTer5,
6,161969997,rs761973930,GA,G,p.Val324AlafsTer111,p.Val324AlafsTer111,
6,162864411,rs748142049,CT,C,p.Gln34ArgfsTer10,p.Gln34ArgfsTer10,
6,162683747,rs746646126,C,CCA,p.Trp74CysfsTer8,p.Trp74CysfsTer8,
6,162475167,rs9456735,T,G,p.Met1?,c.1A>C,
6,161807896,rs761213043,C,T,p.Arg366Gln,c.1097G>A,
6,162206872,rs200720727,C,T,p.Cys268Tyr,c.803G>A,
6,162622164,rs912896883,T,C,p.Gln178Arg,c.533A>G,
6,161990390,rs72480423,C,G,p.Glu310Asp,c.930G>C,
6,161781221,rs1205719126,T,C,p.Glu395Gly,c.1184A>G,
6,162683734,rs770994041,C,G,p.Glu79Gln,c.235G>C,
6,162206833,rs766578225,G,C,p.Pro281Arg,c.842C>G,
6,161966460,rs571591903,G,A,p.Arg365Ter,p.Arg365Ter,c.1093C>T
6,163148694,rs770519631,C,CT,p.Val3SerfsTer18,p.Val3SerfsTer18,c.6dupA
6,162864341,rs144013024,C,T,c.171+1G>A,,c.171+1G>A
6,162683575,rs934424803,G,GT,p.Pro132ThrfsTer9,p.Pro132ThrfsTer9,c.393dupA
6,162864397,rs780581295,TC,T,p.Asp39ThrfsTer5,p.Asp39ThrfsTer5,c.115delG
6,162683617,rs772905515,CCA,C,p.Val117GlyfsTer9,p.Val117GlyfsTer9,c.350_351delTG
6,162683782,rs1435195836,G,A,p.Gln63Ter,p.Gln63Ter,c.187C>T
6,161771149,rs779138830,G,GT,p.Asp460GlufsTer109,p.Asp460GlufsTer109,c.1379dupA
6,162206803,rs1191268082,C,T,c.871+1G>A,,c.871+1G>A
6,162683755,rs767216170,T,A,p.Arg72Ter,p.Arg72Ter,c.214A>T
6,162622285,rs1220680875,CT,C,c.413-2delA,,c.413-2delA
6,162206939,rs1300606784,TC,T,p.Ser246AlafsTer13,p.Ser246AlafsTer13,c.735delG
6,162622280,rs751790069,AC,A,p.Gly139ValfsTer38,p.Gly139ValfsTer38,c.416delG
6,161969982,rs745647746,G,GC,p.Val330ArgfsTer17,p.Val330ArgfsTer17,c.986dupG
6,162394446,rs1418871356,A,AT,p.Phe208IlefsTer4,p.Phe208IlefsTer4,c.621dupA
6,162622236,rs1482324720,CAG,C,p.Cys154SerfsTer31,p.Cys154SerfsTer31,c.459_460delCT
6,162622230,rs764358789,CTT,C,p.Arg156SerfsTer29,p.Arg156SerfsTer29,c.465_466delAA
6,162864352,rs1344168940,C,T,p.Trp54Ter,p.Trp54Ter,c.161G>A
6,162864440,rs1440010564,G,A,p.Gln25Ter,p.Gln25Ter,c.73C>T
6,162683620,rs757166995,CAG,C,p.Ser116CysfsTer10,p.Ser116CysfsTer10,c.347_348delCT
6,162475162,rs745637077,AC,A,p.Ser193MetfsTer32,p.Ser193MetfsTer32,c.578delG
6,162475138,rs888068912,G,T,p.Cys201Ter,p.Cys201Ter,c.603C>A
6,162475124,rs752857056,GCACTA,G,p.Ser205ArgfsTer5,p.Ser205ArgfsTer5,c.612_616delTAGTG
6,162475139,rs1231455463,C,CT,p.Cys201Ter,p.Cys201Ter,c.601_602insA
6,161990385,rs762895265,A,G,c.933+2T>C,,c.933+2T>C
6,161990395,rs1168877682,C,A,p.Glu309Ter,p.Glu309Ter,c.925G>T
6,161781121,rs758718482,A,AT,p.Asn428LysfsTer141,p.Asn428LysfsTer141,c.1283dupA
6,161781239,rs1393283491,T,C,c.1168-2A>G,,c.1168-2A>G