Mutation type,Variant class,Disease/Phenotype,Gene symbol,Genomic coordinates (GRCh37/hg19),Genomic Sequence Context (GRCh37/hg19),Genomic coordinates (GRCh38),dbsnp,,comment justification
Missense,,"segregating variant, PD family",PTPRH,chr19:55703026 (-),CACCCTCCAGGCGGTCAGCCCTGTGCTGAGT[C/T]TCACCTCCTCTTCAGGAAGAAAATCAGCAGG,chr19:55191658 (-),rs190080254,,Discovery and functional prioritizaion of Parkinson´s disease candidate genes from large scale whole exome sequencing PMID: 28137300
Missense,,"segregating variant, PD family",GALC,chr14:88452941 (-),TCTAGTGCATAATGCATGTGGGAGGGCTCAG[T/C]GCCGTCTGAATAGAGGAGAGCAAAAACGGAA,chr14:87986597 (-),rs147313927 ,,GWAs gene
Missense,,"segregating variant, PD family",GCH1,chr14:55369314 (-) ,GCTGGGCCCGGGCCGCGGCGGATCCCGCTCG[G/A]GGAACCCATTGCTGCACCTGGCGCCCCGCGG,chr14:54902596 (-),rs41298432,,GWAs gene
Missense,,"segregating variant, PD family",HIP1R,chr12:123335398 (+),GGGTTCTCTCCACAGCATCCCCAGTTTCCCG[C/T]GGGCCTGGAGGTGACAGATGAGGTACTGGAG,chr12:122850851 (+),rs151322438,,GWAs gene
Missense,,"segregating variant, PD family",IGSF9B,chr11:133789656 (-) ,CGGCGCACTCACCCTGAAGTAGGTAACGTG[G/C]GTGGTGGGGTCTCCGGTCGGAGCAATTCCTCC,chr11:133919761 (-),,,GWAS gene: Million plus person study of Parkinson’s disease identifies 7 novel risk loci
Missense,,"segregating variant, PD family",ANK2,chr4:114257148 (+),CCCAGAAGGAGGTGTACTGAGCAGCACAGTG[G/T]TGCCCCAGGTGCAGGCCGTCTTCCCAGAGGG,chr4:113335992 (+),rs777113752,,GWAs gene
Missense,,"segregating variant, PD family",BAG3,chr10:121429391 (+),CAGGAGACTCCATCCTCTGCCAATGGCCCTT[C/T]CCGGGAGGGCTCTAGGCTGCCGCCTGCTAGG,chr10:119669879 (+),,,GWAs gene
direct splice site,,"segregating variant, PD family",OPTN,chr10:13158341 (+),CTGGGCCCACGAGAACAGTCTCCACTGGCAC[G/A]TATGTGAAGGAAGACTCGGGCTGTCAGGCAG,chr10:13116341 (+),rs756957223,,"rab 10 binding gene  PMID 30945962, OPTN enrichment in all PD-relevant brain regions examined PMID:29867311"
Missense,,"segregating variant, PD family",PLXNA4,chr7:132192549 (-),GCCTGCAGCAGGCGGTACTCCACCCCACTGC[G/A]CTCACAGCCAATGGGCACCTCTACATAGGAG,chr7:132507790 (-),rs779832724,,Rare variants in PLXNA4 and Parkinson's disease PMID: 24244438
Missense,,"segregating variant, PD family",POLG,chr15:89873489 (-),TGGTCCAAGAGTAACGCTCTTCCACCAGCCG[C/G]TGGCTGCACCAGGAATACCTGAGGGAGGTGA,chr15:89330258 (-),rs147282197,,"POLG R964C and GBA L444P mutations in familial Parkinson's disease: Case report and literature review PMID:30941926, Genetic risk factors in Finnish patients with Parkinson's disease. PMID: 29029963"
Missense,,"segregating variant, PD family",PON1,chr7:94940880 (-),GGCATCTGGATGGTTCACCACCAGGAGGTAC[A/C]TGGCATTATCTGAGAGGAGATTAAAAACAAA,chr7:95311568 (-),rs144390653 ,,"pesicide metabolism gene assciated to PD , PMID 26857251, PMID: 26117230, PMID: 25460623 "
Missense,,"segregating variant, PD family",PPARGC1A,chr4:23815971 (-),GACTGGCAATAGTCATGGTCACCAAACAGCC[G/A]CAGACTGGGCCGCTTGGTCTTCCTTTCCTCG,chr4:23814348 (-),rs375868793,,"The PPARGC1A locus and CNS-specific PGC-1α isoforms are associated with Parkinson's Disease PMID: 30236862, Adult Conditional Knockout of PGC-1α Leads to Loss of Dopamine Neurons PMID: 27622213"
Missense,,"segregating variant, PD family",PRICKLE1,chr12:42853871 (-),CCGTAGAGTCCCAGAAACCGATTCATTCCTG[G/A]GTTCTGCAGGCCATAATCGGAAGTGGCATGG,chr12:42460069 (-),rs3827522,,PRICKLE1 interacts with LRRK2 PMID: 28697798
Missense,,"segregating variant, PD family",PRICKLE1,chr12:42863266 (-),GAGAAGGGGCTGCTCACCTGCTCACACACAG[C/T]ATGCATGACTGCTCTGGACAGAAGCTTAATT,chr12:42469464 (-),rs79087668,,PRICKLE1 interacts with LRRK2 PMID: 28697798
Missense,,"segregating variant, PD family",PRKAR1B,chr7:635796 (-),GCTTGGGCACCAACTCACCATAAGGATGCGC[C/T]GGTAGCTGTCCCGGTCGATCCCCCAGAGCTT,chr7:596159 (-),rs200069843,,PRKAR1B mutation associated with a new neurodegenerative disorder with unique pathology PMID: 24722252
Missense,,"segregating variant, PD family",SIPA1L2,chr1:232577553 (-),CTGCTTGCTTCCATGGTGTCTTCCCTCTCCC[T/C]GGCTCCGTCACATTCCAAAGGGCCTGAGCCC,chr1:232441807 (-),rs542865802,,"Expanding Parkinson’s disease genetics: novel risk loci, genomic context, causal insights and heritable risk"
Missense,,"segregating variant, PD family",TNR,chr1:175375355 (-) ,GACCACGCTGCGAGCTCCCGGACTCTACCTG[T/C]GGCAGCACTTTCTTGGCAGCAGTTGGCGTTG,chr1:175406219 (-),rs147204644,,Whole exome sequencing in familial parkinsons Disease PMID: 26595808
Missense,,"segregating variant, PD family",DNAH17,chr17:76421648 (-),GGGCAGGGCAAAGTCTGTCGTCCAGGCCTCG[A/C]GTTCCTGCAAGGACACACGAGCCGCTAGGAG,chr17:78425567 (-),,,"Parkinson’s disease genetics: identifying novel risk loci, providing causal insight and improving estimates of heritable risk"
Missense,,"segregating variant, PD family",DNAH17,chr17:76558043 (-),CTCGGCAAGAATCAGGGGCCGCTCCATGAGG[C/T]CCCCACACATGTACAGGAGCTGAGGACAAAG,chr17:78561961 (-),,,"Parkinson’s disease genetics: identifying novel risk loci, providing causal insight and improving estimates of heritable risk"
Missense,,"segregating variant, PD family",ASXL3,chr18:31326158 (+),GAATGAAATGAAAGAACAGTTAAAAGCATTC[G/A]CGCTAAAAAGTGCAGATTTCTCTTCCTATTT,chr18:33746194 (+),rs117661115,,"Parkinson’s disease genetics: identifying novel risk loci, providing causal insight and improving estimates of heritable risk"
Missense,,"segregating variant, PD family",CSMD1,chr8:2857494 (-),ACAAAGAGTGCACTTACGGACACAGACAGGC[G/A]TTTGTCCAGACCACTTGTGGTCTTGCAGGCA,chr8:2999972 (-),rs146539567,,rare variants were found segregating in PD families PMID: 28808687  / PMID: 28914884 
Missense,,"segregating variant, PD family",CSMD1,chr8:2886843 (-),CTTTCAGGGGTGCCTCCCTCATCACTTACCT[C/T]GACAGCTTGGCCTCTCATCTCCTATGTTCCA,chr8:3029321 (-),rs756592339,,rare variants were found segregating in PD families PMID: 28808687  / PMID: 28914884 
Missense,,"segregating variant, PD family",RAB5C,chr17:40282486 (-),AAATTGACAGATCTTGTTCCCAGCAGCTGGT[C/T]CATTGGGTCGTGCTGCGCCTCCCCGACCCGC,chr17:42130468 (-),rs144263947,,LRRK2 mutation hyperhphosphorylate rab5c
Missense,,"segregating variant, PD family",DENND4C,chr9:19296127 (+),GTGGAGAGAAAAATGGTCTCCAAATCCATCA[A/G]TACAAACAAATGCATTTGTTTACTCTCACAC,chr9:19296129 (+),rs773919701,,GTPAse activator for Rab10
Missense,,"segregating variant, PD family",DENND4C,chr9:19336332 (+),CGCAGTGGTATTTTCTTATGGACGAAGGTAC[G/A]GAATGTGGTACGTGGCTTGGCACAGTTTAGG,chr9:19336334 (+),rs148619415,,GTPAse activator for Rab10
Missense,,"segregating variant, PD family",DIS3,chr13:73347859 (-),ATATCTGGAATTTCTGGGCCAACCATCAATA[G/A]CAACAATAATTCTCCGTCCTTCTAATGTGGA,chr13:72773721 (-),rs76698610,,Discovery and functional prioritizaion of Parkinson´s disease candidate genes from large scale whole exome sequencing PMID: 28137300
Missense,,"segregating variant, PD family",KALRN,chr3:124356082 (+),GCAGTCCTCCTCTTTGCTAGCAGCCCGGCAG[G/A]CTTCCACTGAAGTACCTACTGCTGCAGACCT,chr3:124637235 (+),rs34157843 ,,Discovery and functional prioritizaion of Parkinson´s disease candidate genes from large scale whole exome sequencing PMID: 28137300
Missense,,"segregating variant, PD family",SVOPL,chr7:138333812 (-),GCCCGGGATGGAGGCGACGCGAATGAGCCAG[C/T]GCCACCCGATGGTGGGGATGATCACAGAGGC,chr7:138649067 (-),rs151301864,,Discovery and functional prioritizaion of Parkinson´s disease candidate genes from large scale whole exome sequencing PMID: 28137300
Missense,,"segregating variant, PD family",CACNA1H,chr16:1258120 (+),CATGTGCACAGCTGCCACGCCCATGCCTACC[C/T]CCAAGAGCTCACCATTCCTGGATGCAGCCCC,chr16:1208120 (+),,,Whole-Exome Sequencing in Searching for New Variants Associated With the Development of Parkinson’s Disease PMID: 29867446
Missense,,"segregating variant, PD family",CACNA1H,chr16:1251998 (+),GGGCAGGCAGGCACACAGCCTCGGTGCACCA[C/G]CTGGTCTaccaccaccatcaccaccaccacc,chr16:1201998 (+),rs1305959758,,Whole-Exome Sequencing in Searching for New Variants Associated With the Development of Parkinson’s Disease PMID: 29867446
Missense,,"segregating variant, PD family",SCN3A,chr2:166020157 (-),ACCTGGAATGACTGAAATTGTTTTCAGTGCT[C/T]GGAGAACTCTGAATGTTCTCAACGCTGAGAC,chr2:165163647 (-),rs755792980,,Whole-Exome Sequencing in Searching for New Variants Associated With the Development of Parkinson’s Disease PMID: 29867446
Missense,,"segregating variant, PD family",RABGEF1,chr7:66270379 (+),ATGACTGGAGAGGATGGCTACTATTTCACCA[A/G]TCTGGTGAGTAAGTGAGTTCTTGGTGTTGTG,chr7:66805392 (+),,,The Endocytic Membrane Trafficking Pathway Plays a Major Role in the Risk of Parkinson’s Disease PMID: 30675927 
Missense,,"segregating variant, PD family",GTF3C1,chr16:27487854 (-),CTGGATCAGGTTCTGAAGCACCAGAAAGTGG[A/C]TGTCATCCACGCTGAAAGAGAGGGGGCAGCA,chr16:27476533 (-),,,"nominated as neurodegenerative disease gene in a rat model PMID: 25563673 :  same variant segragets in two families with PD, no tpresent in databases "
Missense,,"segregating variant, PD family",GTF3C1,chr16:27509131 (-),TTCTGCCTCCCCTTGGGGCACTGGAGGCTGG[G/A]AAGTTTTAACCCTGCAGTTCAAATAAACATG,chr16:27497810 (-),rs199943601,,nominated as neurodegenerative disease gene  in rat model PMID: 25563673 :  
Missense,,"segregating variant, PD family",VPS39,chr15:42484287 (-),ACACTTACTGCCGCTTTCAGGTGATGCTACA[T/C]CTGCTGGCACTGTTACAAAAAAGGGGAAGAA,chr15:42192089 (-),rs1007273180,,The Endocytic Membrane Trafficking Pathway Plays a Major Role in the Risk of Parkinson’s Disease PMID: 30675927 
Missense,,"segregating variant, PD family",USP25,chr21:17250624(+),TAGTTAGATTTAATTGTTTGTATTTGCAGCA[C/T]ACCTCCAAGAAAAGCTGACAGATTTTTTGCC,chr21:15878305 (+),rs143875283,,GWAs gene
Missense,,"segregating variant, PD family",CLU,chr8:27457464 (-),TCGTTGTATTTCCTGGTCAACCTCTCAGCGA[C/T]CTGGAGGGATTCGTCGAGCTCCCGCCGCAGC,chr8:27599947,rs368729462,,"Alzheimer GWAs gene als,  related to PD PMID: 26724962 PMID: 29698690 PMID: 28567584"
Missense,,"segregating variant, PD family",MEF2D,chr1:156437883 (-),AGGCCCAGTGTGGGCCCGAAGTCCCCCCGTC[C/T]GTCATCCCGGTCTCCCGTCTCATAGGATCCC,chr1:156468091 (-),rs149999157,,"activation of transcription factor myocyte enhancer factor 2D  protects against MPTP PD model :  PMID: 28807675 , MEF2D that plays a key-role in the survival of dopaminergic neurons PMID: 24219011, PMID: 22891246 "
Missense,,"segregating variant, PD family",MEF2D,chr1:156438069 (-),GGGTGGGTGGTGACTGTGAGGGCAGCACCCA[C/T]GTGGGGCAGGGGGCTGCCCGGGCTGGAGGCA,chr1:156468277 (-),rs1388818494,,"activation of transcription factor myocyte enhancer factor 2D  protects against MPTP PD model :  PMID: 28807675 , MEF2D that plays a key-role in the survival of dopaminergic neurons PMID: 24219011, PMID: 22891246 "
Missense,,"segregating variant, PD family",DCDC5,chr11:30926669 (-),TTCATCCGTAAAGACAATAGACGTGCTTGGT[A/C]GTAACTTAGAGTTTTTTCAGCCTTGTCACAC,chr11:30905122 (-),rs148521043 ,,homozygte missense mutation segragating in a PD family 
Missense,,"segregating variant, PD family",MFSD12,chr19:3551093 (-),GGCCCAGCCAAACTGGAAGATCACGATGAAC[G/A]GGCCGTAGTAGAGGAGGGCAGCCCACTCGGG,chr19:3551095 (-),rs564508057,,"homozygte missense mutation segragating in a PD family, lysosmal protein that affects melanogeneisi..dopaminergic metablism PMID: 29025994 "
Missense,,"segregating variant, PD family",PTPN22,chr1:114372263 (-),TTTTCCAGGAGTCTTCAGTGTCTGTTTTGAA[G/A]ATGTTGAATTTTCCATGGTGTCAGGATAGCT,chr1:113829641 (-),,,Phosphatase screen Dario Alessi
Missense,,"segregating variant, PD family",PTPN23,chr3:47453786 (+),AACCCCTTCTTGGCACAGCTCTGGTGTGGGC[C/T]GCACGGGAGCCTTTGCACTGCTCTATGCAGC,chr3:47412296 (+),rs924176053,,Phosphatase screen Dario Alessi